"tag","total","%_retweeted","avg_rt_freq","%_liked","avg_like_freq","%_replied","avg_reply_freq","%_interacted","avg_interact_freq","as_replies","as_quotes"
"#Coronavirus","19","0.8947","4.2632","0.2632","1.4211","0.0000","0.0000","1.0000","5.6842","0.0000","0.0000"
"#Hidradenitis","64","0.8281","2.6875","0.3750","0.8594","0.0000","0.0000","1.0000","3.5469","0.0469","0.0625"
"#ankylosingspondylitis","1334","0.8868","30.1769","0.2684","1.6979","0.0000","0.0000","1.0000","31.8748","0.0195","0.1799"
"#LymeDisease","5597","0.9178","26.9957","0.2267","1.1338","0.0000","0.0000","1.0000","28.1295","0.0166","0.1572"
"#PediatricCancer","1059","0.9603","225.1624","0.1275","5.3352","0.0000","0.0000","1.0000","230.4976","0.0019","0.0907"
"#appendicitis","73","0.8630","6.9315","0.3425","1.6301","0.0000","0.0000","1.0000","8.5616","0.0137","0.2192"
"#Thalassemia","1006","0.9304","36.3827","0.1640","1.7217","0.0000","0.0000","1.0000","38.1044","0.0020","0.0676"
"#trachoma","347","0.9481","15.9856","0.1960","1.0548","0.0000","0.0000","1.0000","17.0403","0.0029","0.1614"
"#Legionnaires","111","0.9189","7.2973","0.2162","0.7207","0.0000","0.0000","1.0000","8.0180","0.0090","0.0901"
"#problemgambling","155","0.8516","36.2774","0.2710","0.7419","0.0000","0.0000","1.0000","37.0194","0.0065","0.0452"
"unknown-#thmcsm","0","0","0","0","0","0","0","0","0",,
"#Candidiasis","56","0.8393","5.5893","0.2857","1.2679","0.0000","0.0000","1.0000","6.8571","0.0000","0.0357"
"#ESRD","190","0.9105","3.3105","0.3316","0.9895","0.0000","0.0000","1.0000","4.3000","0.0158","0.1789"
"#TSComplex","0","0","0","0","0","0","0","0","0",,
"#CLL","383","0.8877","4.1906","0.3264","1.1436","0.0000","0.0000","1.0000","5.3342","0.0157","0.1880"
"#Gastroparesis","726","0.8223","26.3320","0.3044","1.9931","0.0000","0.0000","1.0000","28.3251","0.0289","0.1970"
"#PlantarFascitis","4","0.7500","0.7500","0.2500","0.2500","0.0000","0.0000","1.0000","1.0000","0.0000","0.0000"
"#BrainInjury","3240","0.9086","8.4515","0.2809","1.3611","0.0000","0.0000","1.0000","9.8127","0.0117","0.2207"
"#LiverCancer","409","0.9120","14.7531","0.2421","1.0709","0.0000","0.0000","1.0000","15.8240","0.0049","0.0416"
"unknown-#ESUSaware","12966","0.9160","23.9113","0.2450","1.2831","0.0000","0.0000","1.0000","25.1944","0.0094","0.1270"
"#SLE","630","0.8937","5.3762","0.3063","1.6556","0.0000","0.0000","1.0000","7.0317","0.0175","0.0889"
"#CIDP","48","0.7917","2.3542","0.4375","1.7083","0.0000","0.0000","1.0000","4.0625","0.0208","0.1042"
"#Crohns","5901","0.8702","35.8968","0.2694","1.8919","0.0000","0.0000","1.0000","37.7887","0.0117","0.1425"
"#CaudaEquina","26","0.8846","3.6154","0.3077","0.7692","0.0000","0.0000","1.0000","4.3846","0.0385","0.1154"
"#Haemochromatosis","66","0.9242","4.1818","0.2727","1.0455","0.0000","0.0000","1.0000","5.2273","0.0455","0.2576"
"#Leptospirosis","97","0.9588","11.0515","0.1753","1.5876","0.0000","0.0000","1.0000","12.6392","0.0000","0.1546"
"#CleftLip","326","0.8650","72.0337","0.2086","6.3558","0.0000","0.0000","1.0000","78.3896","0.0000","0.0460"
"#SIDS","1451","0.9545","16.5934","0.1675","1.0517","0.0000","0.0000","1.0000","17.6451","0.0069","0.1420"
"#Osteoarthritis","1764","0.8679","8.4456","0.3101","1.5822","0.0000","0.0000","1.0000","10.0278","0.0215","0.1332"
"#PeanutAllergy","167","0.8263","4.3473","0.3593","1.6108","0.0000","0.0000","1.0000","5.9581","0.0120","0.1976"
"#OsteogenesisImperfecta","125","0.8400","6.6080","0.3360","2.4480","0.0000","0.0000","1.0000","9.0560","0.0000","0.2000"
"#ShakenBabyFacts","0","0","0","0","0","0","0","0","0",,
"#SystemicSclerosis","19","0.7368","2.0526","0.6316","1.4211","0.0000","0.0000","1.0000","3.4737","0.0000","0.1579"
"#Asbestosis","59","0.8983","3.3051","0.3390","0.8305","0.0000","0.0000","1.0000","4.1356","0.0000","0.0678"
"#MemoryLoss","245","0.8000","13.7020","0.3551","1.5184","0.0000","0.0000","1.0000","15.2204","0.0245","0.0816"
"#CowdensSyndrome","8","1.0000","2.2500","0.2500","0.6250","0.0000","0.0000","1.0000","2.8750","0.0000","0.0000"
"#Duchenne","573","0.9145","7.6195","0.2565","1.7277","0.0000","0.0000","1.0000","9.3473","0.0105","0.1693"
"#Melanoma","4501","0.9018","20.6645","0.2502","1.2519","0.0000","0.0000","1.0000","21.9165","0.0102","0.1224"
"#hypophosphatasia","12","0.9167","1.7500","0.3333","3.0000","0.0000","0.0000","1.0000","4.7500","0.0000","0.3333"
"#EhlersDanlos","600","0.8200","10.4517","0.3267","1.4350","0.0000","0.0000","1.0000","11.8867","0.0283","0.2367"
"#IOMCardiacArrest","864","0.8935","15.1725","0.2454","1.7697","0.0000","0.0000","1.0000","16.9421","0.0104","0.1991"
"#STEMI","228","0.9254","9.5482","0.2281","1.7193","0.0000","0.0000","1.0000","11.2675","0.0351","0.1360"
"#Tuberculosis","2138","0.9654","15.0168","0.1628","1.1731","0.0000","0.0000","1.0000","16.1899","0.0047","0.0879"
"#FGID","154","0.9675","8.6364","0.2792","1.3961","0.0000","0.0000","1.0000","10.0325","0.0065","0.3117"
"#IIH","186","0.9086","9.1989","0.2312","1.3333","0.0000","0.0000","1.0000","10.5323","0.0323","0.2312"
"#Pompe","14","0.9286","2.3571","0.3571","1.1429","0.0000","0.0000","1.0000","3.5000","0.0714","0.2143"
"#varicocele","15","0.6000","0.9333","0.6000","1.2000","0.0000","0.0000","1.0000","2.1333","0.0000","0.0000"
"#Narcolepsy","476","0.6492","3.8193","0.4790","1.4727","0.0000","0.0000","1.0000","5.2920","0.1513","0.3088"
"#Dementia","31313","0.9163","259.4695","0.2287","1.2771","0.0000","0.0000","1.0000","260.7466","0.0110","0.1573"
"#Hypermobility","224","0.7813","4.0446","0.4063","1.1741","0.0000","0.0000","1.0000","5.2188","0.0089","0.1518"
"#antiNMDAr","14","0.9286","5.4286","0.1429","0.1429","0.0000","0.0000","1.0000","5.5714","0.0000","0.2143"
"#MacularDegeneration","157","0.8790","4.4777","0.3503","1.2166","0.0000","0.0000","1.0000","5.6943","0.0000","0.0510"
"#Preeclampsia","596","0.9077","7.9950","0.2634","1.3624","0.0000","0.0000","1.0000","9.3574","0.0134","0.1544"
"unknown-#TCisNoJoke","1073","0.9329","109.8583","0.2414","1.3765","0.0000","0.0000","1.0000","111.2349","0.0447","0.1044"
"#Endometriosis","3941","0.8419","12.7209","0.3316","1.5917","0.0000","0.0000","1.0000","14.3126","0.0307","0.1489"
"#GERD","598","0.8712","4.6806","0.3261","1.0000","0.0000","0.0000","1.0000","5.6806","0.0502","0.1187"
"#Pemphigus","7","0.8571","2.2857","0.4286","1.1429","0.0000","0.0000","1.0000","3.4286","0.0000","0.1429"
"#PTEN","130","0.8846","5.1308","0.3077","1.1692","0.0000","0.0000","1.0000","6.3000","0.0538","0.1231"
"#Carcinoid","48","0.9583","5.6042","0.2500","2.0208","0.0000","0.0000","1.0000","7.6250","0.0208","0.3333"
"#Gout","656","0.5229","2.1890","0.6082","1.0152","0.0000","0.0000","1.0000","3.2043","0.0122","0.0335"
"#Atherosclerosis","402","0.8930","17.7114","0.3035","1.4254","0.0000","0.0000","1.0000","19.1368","0.0075","0.1020"
"#CGRP","288","0.8576","5.7604","0.3194","1.5035","0.0000","0.0000","1.0000","7.2639","0.0347","0.1875"
"#adenomyosis","106","0.8113","5.2264","0.3491","3.2170","0.0000","0.0000","1.0000","8.4434","0.0472","0.1604"
"#Peyronies","51","0.8824","2.9216","0.2745","0.9020","0.0000","0.0000","1.0000","3.8235","0.0196","0.0392"
"#Thrombosis","649","0.9584","6.2373","0.2280","1.2589","0.0000","0.0000","1.0000","7.4961","0.0062","0.1864"
"#PsoriaticArthritis","371","0.8410","5.6119","0.3315","1.5391","0.0000","0.0000","1.0000","7.1509","0.0081","0.1024"
"#fracture","313","0.8850","9.0032","0.2620","1.1789","0.0000","0.0000","1.0000","10.1821","0.0096","0.1118"
"#FacialDisfigurement","14","0.5714","1.9286","0.5714","3.0714","0.0000","0.0000","1.0000","5.0000","0.0000","0.1429"
"#Retinoblastoma","197","0.9391","5.2893","0.2843","1.2437","0.0000","0.0000","1.0000","6.5330","0.0000","0.0609"
"#Sarcoidosis","256","0.9141","9.3828","0.2500","1.3867","0.0000","0.0000","1.0000","10.7695","0.0156","0.1289"
"#sarcoma","530","0.8925","12.1811","0.2755","1.9170","0.0000","0.0000","1.0000","14.0981","0.0302","0.1849"
"#Celiac","2687","0.7845","5.6468","0.3863","1.6982","0.0000","0.0000","1.0000","7.3450","0.0394","0.1228"
"#Deafness","528","0.8977","104.7917","0.2273","0.8447","0.0000","0.0000","1.0000","105.6364","0.0038","0.0947"
"#HepB","4329","0.9249","11.2869","0.2289","1.0536","0.0000","0.0000","1.0000","12.3405","0.0113","0.1661"
"#Urticaria","52","0.6346","5.6538","0.4615","0.8654","0.0000","0.0000","1.0000","6.5192","0.0192","0.0577"
"#SCADheart","48","0.8125","2.8542","0.4167","1.2500","0.0000","0.0000","1.0000","4.1042","0.0417","0.3750"
"#Cirrhosis","336","0.8958","10.7738","0.2381","0.8720","0.0000","0.0000","1.0000","11.6458","0.0030","0.1429"
"#AnosmiaHope","0","0","0","0","0","0","0","0","0",,
"#VisualSnow","132","0.9470","17.2500","0.1061","1.0455","0.0000","0.0000","1.0000","18.2955","0.0152","0.0152"
"#microcephaly","27","0.8889","3.3704","0.3704","1.2593","0.0000","0.0000","1.0000","4.6296","0.0370","0.2963"
"#myopiacontrol","25","0.6400","2.8800","0.5200","1.3600","0.0000","0.0000","1.0000","4.2400","0.0800","0.0000"
"#MERS","160","0.9438","7.5313","0.2250","0.9625","0.0000","0.0000","1.0000","8.4938","0.0125","0.1750"
"#Cushings","27","0.8148","2.2222","0.4815","1.4815","0.0000","0.0000","1.0000","3.7037","0.0000","0.2593"
"#PanCan","4062","0.9222","7.9948","0.2484","1.7368","0.0000","0.0000","1.0000","9.7317","0.0236","0.2403"
"#takotsubo","15","0.9333","3.2667","0.1333","0.3333","0.0000","0.0000","1.0000","3.6000","0.0000","0.2000"
"#MRKH","16","0.7500","2.2500","0.5000","1.2500","0.0000","0.0000","1.0000","3.5000","0.0000","0.0625"
"#acousticneuroma","80","0.9125","7.1375","0.2500","1.4625","0.0000","0.0000","1.0000","8.6000","0.0250","0.1875"
"#CryptogenicStroke","34","0.9118","5.6471","0.2059","0.3235","0.0000","0.0000","1.0000","5.9706","0.0000","0.1765"
"#pleuralEffusion","3","1.0000","4.0000","0.0000","0.0000","0.0000","0.0000","1.0000","4.0000","0.0000","0.0000"
"#MoebiusSyndrome","12","0.9167","7.0000","0.2500","5.0833","0.0000","0.0000","1.0000","12.0833","0.0000","0.0000"
"#Obesity","19188","0.9110","85.4449","0.2054","1.9327","0.0000","0.0000","1.0000","87.3776","0.0122","0.2461"
"#Shingles","471","0.8429","11.6752","0.2824","0.8811","0.0000","0.0000","1.0000","12.5563","0.0191","0.0658"
"#Arachnoiditis","128","0.9453","21.4063","0.1953","1.4453","0.0000","0.0000","1.0000","22.8516","0.0859","0.1484"
"#EDS","3070","0.8466","21.0349","0.3013","1.5906","0.0000","0.0000","1.0000","22.6254","0.0436","0.2518"
"unknown-#hpbcsm","16","0.8125","3.3125","0.2500","0.2500","0.0000","0.0000","1.0000","3.5625","0.0000","0.0000"
"#Hyperglycemia","74","0.9730","9.5541","0.1351","1.0811","0.0000","0.0000","1.0000","10.6351","0.0135","0.0676"
"#Hodgkin","1772","0.9103","6.8561","0.2432","1.2635","0.0000","0.0000","1.0000","8.1196","0.0085","0.1225"
"#Ichthyosis","77","0.8701","2.2597","0.4286","1.1818","0.0000","0.0000","1.0000","3.4416","0.0000","0.0779"
"#SecondaryInfertility","43","0.8140","4.1163","0.4186","0.8372","0.0000","0.0000","1.0000","4.9535","0.0233","0.0465"
"#TBI","6303","0.9183","124.8645","0.2083","2.8117","0.0000","0.0000","1.0000","127.6762","0.0257","0.1391"
"#Leprosy","647","0.9304","13.4606","0.2164","1.7202","0.0000","0.0000","1.0000","15.1808","0.0201","0.0665"
"#StiffPersonSyndrome","2","1.0000","3.5000","0.0000","0.0000","0.0000","0.0000","1.0000","3.5000","0.0000","0.5000"
"#Chiari","157","0.8854","9.3376","0.2611","0.9490","0.0000","0.0000","1.0000","10.2866","0.0255","0.1656"
"#CancerChat","3079","0.9886","29.1117","0.1056","0.9552","0.0000","0.0000","1.0000","30.0669","0.0010","0.1267"
"#Marfan","152","0.9342","5.8026","0.2368","1.8355","0.0000","0.0000","1.0000","7.6382","0.0132","0.0987"
"unknown-#PCSM","5760","0.9132","11.5859","0.2512","1.4575","0.0000","0.0000","1.0000","13.0434","0.0123","0.1380"
"#ALS","8510","0.9174","25.5951","0.2311","1.8333","0.0000","0.0000","1.0000","27.4283","0.0207","0.2074"
"#UTI","4710","0.7739","12.4807","0.3841","3.5622","0.0000","0.0000","1.0000","16.0429","0.0527","0.1338"
"#Varicose","43","0.7442","1.4884","0.3953","4.5581","0.0000","0.0000","1.0000","6.0465","0.0000","0.0233"
"#ChurgStrauss","34","1.0000","56.0000","0.0294","2.2941","0.0000","0.0000","1.0000","58.2941","0.0000","0.0000"
"#Seizures","1130","0.8655","7.7451","0.3159","1.3398","0.0000","0.0000","1.0000","9.0850","0.0097","0.1619"
"unknown-#OCAMChat","2984","0.9102","12.2038","0.2413","1.5801","0.0000","0.0000","1.0000","13.7838","0.0060","0.1528"
"#Lupus","9431","0.9102","97.0962","0.2244","1.9368","0.0000","0.0000","1.0000","99.0330","0.0147","0.1303"
"#basalcellcarcinoma","38","0.9211","4.2895","0.3158","1.2895","0.0000","0.0000","1.0000","5.5789","0.0263","0.0000"
"#delirium","1785","0.9322","16.0941","0.2123","1.5457","0.0000","0.0000","1.0000","17.6398","0.0146","0.2515"
"#Dyslexia","7361","0.8927","41.7606","0.2646","1.4146","0.0000","0.0000","1.0000","43.1752","0.0231","0.1618"
"#YeastInfection","177","0.5706","326.8927","0.6045","0.7175","0.0000","0.0000","1.0000","327.6102","0.0113","0.0000"
"#giardia","14","0.7143","1.7857","0.4286","1.8571","0.0000","0.0000","1.0000","3.6429","0.0000","0.2143"
"#BPD","6439","0.8503","20.6998","0.3005","2.2084","0.0000","0.0000","1.0000","22.9082","0.0272","0.1002"
"unknown-#KnowFH","866","0.9388","6.8164","0.2217","1.4215","0.0000","0.0000","1.0000","8.2379","0.0185","0.2806"
"#Parkinsons","5773","0.9068","82.0894","0.2439","2.0456","0.0000","0.0000","1.0000","84.1349","0.0113","0.0925"
"#SleepDisorder","117","0.7265","1.5983","0.5043","1.1538","0.0000","0.0000","1.0000","2.7521","0.0000","0.0085"
"#varicella","73","0.9452","11.8630","0.2055","1.0274","0.0000","0.0000","1.0000","12.8904","0.0548","0.0685"
"#BacterialVaginosis","47","0.0851","0.5532","0.9149","0.9574","0.0000","0.0000","1.0000","1.5106","0.0000","0.0213"
"#Alopecia","1630","0.7288","5.1018","0.4344","1.6172","0.0000","0.0000","1.0000","6.7190","0.0141","0.0963"
"#AFib","3027","0.9389","10.5996","0.2425","1.1916","0.0000","0.0000","1.0000","11.7912","0.0096","0.0717"
"#Cardiomyopathy","303","0.9373","20.8020","0.1947","1.2310","0.0000","0.0000","1.0000","22.0330","0.0099","0.1947"
"#Ataxia","259","0.8687","3.7529","0.3320","1.1815","0.0000","0.0000","1.0000","4.9344","0.0347","0.1313"
"#MyastheniaGravis","51","0.7843","2.3333","0.4902","1.6863","0.0000","0.0000","1.0000","4.0196","0.0392","0.0784"
"unknown-#Endmalaria","17596","0.9474","224.3408","0.1672","2.1192","0.0000","0.0000","1.0000","226.4600","0.0087","0.0872"
"#CyclicVomitingSyndrome","5","1.0000","1.2000","0.2000","0.6000","0.0000","0.0000","1.0000","1.8000","0.0000","0.0000"
"#NeuroendocrineTumors","26","0.9615","6.8462","0.2308","1.1923","0.0000","0.0000","1.0000","8.0385","0.0000","0.0769"
"#Epilepsy","7938","0.9064","12.7235","0.2672","1.4136","0.0000","0.0000","1.0000","14.1371","0.0134","0.1248"
"#FattyLiver","954","0.9340","13.9832","0.1866","0.9948","0.0000","0.0000","1.0000","14.9780","0.0073","0.1006"
"#Hypochondria","15","0.4667","0.6667","0.6667","1.8000","0.0000","0.0000","1.0000","2.4667","0.0667","0.2000"
"#SpinalCordInjury","829","0.8613","6.4825","0.3305","1.4560","0.0000","0.0000","1.0000","7.9385","0.0157","0.1496"
"#skintag","23","0.2609","0.3913","0.7826","0.9130","0.0000","0.0000","1.0000","1.3043","0.0435","0.0435"
"#Cholera","2998","0.9736","83.5517","0.1064","1.3132","0.0000","0.0000","1.0000","84.8649","0.0137","0.0834"
"#pancreatitis","267","0.9026","23.9176","0.2247","0.9288","0.0000","0.0000","1.0000","24.8464","0.0187","0.1236"
"#HeartFailure","2612","0.9456","23.3576","0.1975","1.8541","0.0000","0.0000","1.0000","25.2117","0.0092","0.1164"
"#HoFH","47","0.5319","2.8936","0.5745","1.7447","0.0000","0.0000","1.0000","4.6383","0.0213","0.5957"
"#eosinophilicesophagitis","16","0.6875","7.1875","0.3750","1.5000","0.0000","0.0000","1.0000","8.6875","0.0625","0.4375"
"#Huntingtonsdisease","1666","0.9394","5.5072","0.2455","1.2479","0.0000","0.0000","1.0000","6.7551","0.0102","0.1297"
"#Mesothelioma","2120","0.9156","7.2151","0.2608","1.1910","0.0000","0.0000","1.0000","8.4061","0.0142","0.1335"
"#Autism","50785","0.9032","61.4854","0.2498","1.5484","0.0000","0.0000","1.0000","63.0338","0.0146","0.1510"
"#TNBC","260","0.9115","16.4654","0.2346","1.6423","0.0000","0.0000","1.0000","18.1077","0.0231","0.1154"
"#Hernia","591","0.9408","12.8291","0.1827","1.0592","0.0000","0.0000","1.0000","13.8883","0.0169","0.1946"
"#chickenpox","297","0.7542","22.3401","0.3401","1.3232","0.0000","0.0000","1.0000","23.6633","0.0269","0.0741"
"#Asthma","10133","0.9130","41.5457","0.2088","1.3101","0.0000","0.0000","1.0000","42.8558","0.0105","0.1091"
"#SickleCell","2587","0.9760","59.2899","0.1813","0.8779","0.0000","0.0000","1.0000","60.1678","0.0120","0.1167"
"#CharcotMarieTooth","35","0.7714","1.9714","0.4286","1.1143","0.0000","0.0000","1.0000","3.0857","0.0286","0.1714"
"#nonhodgkinslymphoma","156","0.9872","3.2115","0.1282","0.1795","0.0000","0.0000","1.0000","3.3910","0.0000","0.0000"
"#PolycysticOvarianSyndrome","37","0.7838","2.2432","0.3514","1.1622","0.0000","0.0000","1.0000","3.4054","0.0000","0.1622"
"#ChronicMigraine","315","0.8476","3.1175","0.3619","1.0984","0.0000","0.0000","1.0000","4.2159","0.0317","0.1683"
"#Rhabdomyosarcoma","221","0.9774","28.5294","0.1222","2.0498","0.0000","0.0000","1.0000","30.5792","0.0000","0.2715"
"#Adhesions","13","0.6923","1.3077","0.5385","1.0769","0.0000","0.0000","1.0000","2.3846","0.0769","0.2308"
"#YellowFever","1033","0.9245","18.9293","0.1994","1.7928","0.0000","0.0000","1.0000","20.7222","0.0252","0.1578"
"unknown-#MenHaveBreastsToo","368","0.9592","9.4946","0.2065","1.4484","0.0000","0.0000","1.0000","10.9429","0.0245","0.1630"
"#Enterovirus68","0","0","0","0","0","0","0","0","0",,
"#KidneyDisease","2839","0.9271","1254.7725","0.1691","0.7591","0.0000","0.0000","1.0000","1255.5315","0.0046","0.0997"
"#GvHD","111","0.9189","7.6126","0.3063","2.1081","0.0000","0.0000","1.0000","9.7207","0.0000","0.0270"
"#Colitis","3135","0.9231","58.0421","0.2041","1.5860","0.0000","0.0000","1.0000","59.6281","0.0019","0.1136"
"#BleedingDisorder","171","0.8713","3.0526","0.4211","1.8012","0.0000","0.0000","1.0000","4.8538","0.0000","0.0760"
"#HearingLoss","2808","0.8266","48.5057","0.3312","1.1065","0.0000","0.0000","1.0000","49.6122","0.0032","0.1207"
"#Polymyalgia","6","0.3333","0.6667","0.6667","0.6667","0.0000","0.0000","1.0000","1.3333","0.1667","0.0000"
"#AnxietyDisorder","712","0.7542","6.5449","0.4143","1.8736","0.0000","0.0000","1.0000","8.4185","0.0183","0.0744"
"#DVT","612","0.9216","15.5049","0.2059","1.2729","0.0000","0.0000","1.0000","16.7778","0.0180","0.1471"
"#hidradenitissuppurativa","296","0.7703","2.0338","0.3818","0.8480","0.0000","0.0000","1.0000","2.8818","0.1182","0.1182"
"#preventaccreta","90","0.9333","5.1222","0.2000","1.0111","0.0000","0.0000","1.0000","6.1333","0.0222","0.6333"
"#IntestinalFailure","77","0.9351","9.0779","0.2338","1.5325","0.0000","0.0000","1.0000","10.6104","0.0390","0.2987"
"#MCAM","546","0.9744","2.7179","0.1923","0.4212","0.0000","0.0000","1.0000","3.1392","0.0000","0.0916"
"unknown-#BetterLCLives","5958","0.9460","21.3525","0.1905","1.2623","0.0000","0.0000","1.0000","22.6148","0.0055","0.1571"
"#RiftValleyFever","16","0.8750","4.8750","0.5000","0.7500","0.0000","0.0000","1.0000","5.6250","0.0000","0.0625"
"#HeatStroke","454","0.8833","34.6630","0.2665","1.2401","0.0000","0.0000","1.0000","35.9031","0.0110","0.1344"
"#wombcancer","378","0.9497","7.4815","0.2143","0.7540","0.0000","0.0000","1.0000","8.2354","0.0079","0.1481"
"#AnorexiaNervosa","53","0.8679","4.7358","0.3208","1.7925","0.0000","0.0000","1.0000","6.5283","0.0189","0.1132"
"#TrigeminalNeuralgia","234","0.7863","5.1325","0.3803","1.9060","0.0000","0.0000","1.0000","7.0385","0.0214","0.1752"
"#ThroatCancer","78","0.9359","37.0128","0.1410","0.5000","0.0000","0.0000","1.0000","37.5128","0.0256","0.5641"
"#dupuytrens","6","1.0000","5.6667","0.0000","0.0000","0.0000","0.0000","1.0000","5.6667","0.0000","0.0000"
"#ADHD","8662","0.8372","21.9718","0.3183","1.5937","0.0000","0.0000","1.0000","23.5656","0.0224","0.1332"
"#praderwilli","42","0.9048","1.8810","0.4048","1.3333","0.0000","0.0000","1.0000","3.2143","0.0000","0.0476"
"#Rheum","2227","0.8222","6.3013","0.3651","1.8154","0.0000","0.0000","1.0000","8.1167","0.0305","0.1464"
"#Pneumonia","851","0.9295","24.5394","0.1915","1.6275","0.0000","0.0000","1.0000","26.1669","0.0106","0.1210"
"#porphyria","13","0.6154","4.2308","0.3846","0.6154","0.0000","0.0000","1.0000","4.8462","0.0000","0.0769"
"#ADPKD","312","0.8558","14.4006","0.2917","1.6731","0.0000","0.0000","1.0000","16.0737","0.0192","0.2019"
"unknown-#CRCSM","2043","0.9202","14.9457","0.2203","1.1464","0.0000","0.0000","1.0000","16.0920","0.0064","0.1101"
"#BodyDysmorphicDisorder","18","0.7778","2.3333","0.5556","1.4444","0.0000","0.0000","1.0000","3.7778","0.0556","0.0000"
"#BowelCancer","1027","0.8968","17.7059","0.2950","1.8909","0.0000","0.0000","1.0000","19.5969","0.0136","0.2045"
"#KidneyStones","394","0.8477","3.9518","0.3934","1.0000","0.0000","0.0000","1.0000","4.9518","0.0051","0.0228"
"#STD","1294","0.8802","81.8006","0.2589","1.1020","0.0000","0.0000","1.0000","82.9026","0.0348","0.0958"
"#Gestationaldiabetes","160","0.9000","11.5250","0.2750","1.0000","0.0000","0.0000","1.0000","12.5250","0.0000","0.1125"
"unknown-#BCD2020","22676","0.8886","81.6377","0.2645","1.9442","0.0000","0.0000","1.0000","83.5819","0.0255","0.1624"
"#KeratosisPilaris","7","0.2857","0.8571","0.7143","0.8571","0.0000","0.0000","1.0000","1.7143","0.0000","0.0000"
"#LiFraumeni","88","0.8182","2.8636","0.3977","1.3295","0.0000","0.0000","1.0000","4.1932","0.0227","0.0795"
"#Bedwetting","112","0.8661","6.5625","0.2411","0.8750","0.0000","0.0000","1.0000","7.4375","0.0000","0.0982"
"#Autoimmune","2657","0.8559","13.0324","0.2939","1.5235","0.0000","0.0000","1.0000","14.5559","0.0162","0.1457"
"#BladderCancer","7574","0.9364","16.6930","0.2210","1.5016","0.0000","0.0000","1.0000","18.1946","0.0191","0.2532"
"#Bipolar","10020","0.8469","226.3501","0.3098","1.8503","0.0000","0.0000","1.0000","228.2004","0.0250","0.1084"
"#Bursitis","9","0.5556","0.5556","0.5556","0.5556","0.0000","0.0000","1.0000","1.1111","0.0000","0.0000"
"#KidneyCancer","1327","0.9299","49.0106","0.2298","2.2404","0.0000","0.0000","1.0000","51.2509","0.0158","0.2133"
"#Hypoglycemia","293","0.8976","8.9249","0.2799","1.5256","0.0000","0.0000","1.0000","10.4505","0.0102","0.1195"
"#PulmonaryEmbolism","364","0.9615","115.5742","0.1099","0.6071","0.0000","0.0000","1.0000","116.1813","0.0055","0.1566"
"#Sciatica","553","0.6130","108.6275","0.5208","1.5660","0.0000","0.0000","1.0000","110.1935","0.0090","0.0398"
"#Synesthesia","197","0.7360","2.3299","0.4264","1.7310","0.0000","0.0000","1.0000","4.0609","0.0355","0.1117"
"#Sepsis","14753","0.9598","190.5549","0.1438","1.5657","0.0000","0.0000","1.0000","192.1207","0.0130","0.1420"
"#MdrTB","70","0.9571","10.7000","0.1429","0.4429","0.0000","0.0000","1.0000","11.1429","0.0143","0.0714"
"unknown-#MMSM","1778","0.9089","5.4961","0.3015","1.4809","0.0000","0.0000","1.0000","6.9769","0.0124","0.1187"
"#ClusterHeadaches","231","0.7359","3.2165","0.4719","1.6926","0.0000","0.0000","1.0000","4.9091","0.1126","0.2165"
"#Andropause","28","0.7500","2.1429","0.2857","0.5000","0.0000","0.0000","1.0000","2.6429","0.2143","0.0000"
"#Neuropathy","400","0.7250","8.1600","0.4200","1.1900","0.0000","0.0000","1.0000","9.3500","0.0100","0.0375"
"#devlangdis","863","0.9224","13.3685","0.2225","1.6999","0.0000","0.0000","1.0000","15.0684","0.0336","0.3082"
"#Paget","10","0.8000","1.5000","0.6000","1.9000","0.0000","0.0000","1.0000","3.4000","0.1000","0.3000"
"#Arthritis","4717","0.8459","9.4043","0.3371","1.3184","0.0000","0.0000","1.0000","10.7227","0.0144","0.0918"
"unknown-#CryoGroup","3","1.0000","4.0000","0.3333","1.6667","0.0000","0.0000","1.0000","5.6667","0.0000","0.0000"
"#EColi","1333","0.8455","9.6294","0.3046","1.0345","0.0000","0.0000","1.0000","10.6639","0.0180","0.1110"
"#thyca","12","0.7500","2.2500","0.5000","2.1667","0.0000","0.0000","1.0000","4.4167","0.0000","0.4167"
"#GaucherDisease","4","1.0000","1.5000","0.5000","1.5000","0.0000","0.0000","1.0000","3.0000","0.0000","0.0000"
"#Sarcopenia","296","0.9223","7.8176","0.2669","1.4223","0.0000","0.0000","1.0000","9.2399","0.0101","0.2466"
"#LiverDisease","499","0.8818","7.6573","0.2665","1.0641","0.0000","0.0000","1.0000","8.7214","0.0080","0.0962"
"#Cerebral","55","0.8000","11.4545","0.3273","0.9273","0.0000","0.0000","1.0000","12.3818","0.0182","0.0000"
"#SkinCancer","3459","0.8887","23.6519","0.2538","1.1917","0.0000","0.0000","1.0000","24.8436","0.0043","0.0937"
"#colic","106","0.7830","2.1604","0.4717","1.0566","0.0000","0.0000","1.0000","3.2170","0.0094","0.0283"
"#EpidermolysisBullosa","241","0.9295","4.2863","0.3195","1.3527","0.0000","0.0000","1.0000","5.6390","0.0124","0.1037"
"#Amyloidosis","212","0.8915","5.1934","0.3255","2.0896","0.0000","0.0000","1.0000","7.2830","0.0189","0.1698"
"#Lymphoedema","1194","0.8626","5.9581","0.3124","1.1968","0.0000","0.0000","1.0000","7.1549","0.0159","0.1600"
"#Dialysis","1446","0.8949","59.1259","0.2510","1.3133","0.0000","0.0000","1.0000","60.4391","0.0097","0.1259"
"#peripheralarterydisease","158","0.9177","6.0127","0.2848","1.2468","0.0000","0.0000","1.0000","7.2595","0.0000","0.0949"
"#HunterSyndrome","66","0.9091","5.5000","0.2576","1.5455","0.0000","0.0000","1.0000","7.0455","0.0000","0.2121"
"#Hives","63","0.6349","1.9841","0.5238","1.7778","0.0000","0.0000","1.0000","3.7619","0.0159","0.0635"
"#Viruszika","2488","0.9377","13.6913","0.2086","1.0418","0.0000","0.0000","1.0000","14.7331","0.0092","0.1145"
"#Rhinitis","91","0.9011","8.3407","0.1868","0.4286","0.0000","0.0000","1.0000","8.7692","0.0220","0.0549"
"#Eczema","2894","0.8770","127.1482","0.2440","0.8296","0.0000","0.0000","1.0000","127.9779","0.0121","0.0563"
"#NeuroendocrineCancer","332","0.9367","14.0663","0.1898","1.1536","0.0000","0.0000","1.0000","15.2199","0.0120","0.1054"
"#IBS","2418","0.8495","13.8639","0.3433","1.5161","0.0000","0.0000","1.0000","15.3801","0.0182","0.1365"
"#glaucoma","1343","0.9047","10.3209","0.2316","0.9598","0.0000","0.0000","1.0000","11.2807","0.0030","0.0581"
"#MRSA","308","0.8766","26.9610","0.2305","0.8344","0.0000","0.0000","1.0000","27.7955","0.0130","0.0877"
"#StevensJohnsonSyndrome","5","0.8000","1.0000","0.4000","0.4000","0.0000","0.0000","1.0000","1.4000","0.0000","0.0000"
"#FMD","8692","0.8317","22.1402","0.3388","1.5250","0.0000","0.0000","1.0000","23.6652","0.0270","0.1115"
"#Dengue","2169","0.9497","18.0014","0.1595","1.0503","0.0000","0.0000","1.0000","19.0516","0.0074","0.1042"
"#Cachexia","84","0.9762","4.6190","0.0952","0.5476","0.0000","0.0000","1.0000","5.1667","0.0000","0.0238"
"#HeartDisease","3305","0.8832","17.6983","0.2808","1.4829","0.0000","0.0000","1.0000","19.1812","0.0118","0.1183"
"#AIDS","29329","0.9370","71.8576","0.1962","1.2606","0.0000","0.0000","1.0000","73.1181","0.0081","0.1402"
"unknown-#GenCSM","208","0.9567","6.9904","0.2115","1.0529","0.0000","0.0000","1.0000","8.0433","0.0192","0.2644"
"#Schizofrenie","2437","0.8781","10.9114","0.2593","1.7846","0.0000","0.0000","1.0000","12.6959","0.0172","0.0808"
"#IBD","7659","0.8807","26.0222","0.2876","1.9510","0.0000","0.0000","1.0000","27.9732","0.0225","0.1688"
"#HPV","5869","0.9530","50.9458","0.1530","1.1382","0.0000","0.0000","1.0000","52.0840","0.0193","0.1409"
"#VascularDisease","108","0.9907","64.5833","0.0741","1.7500","0.0000","0.0000","1.0000","66.3333","0.0185","0.0000"
"#Flu","4084","0.8976","15.1685","0.2358","1.1222","0.0000","0.0000","1.0000","16.2906","0.0122","0.1077"
"#BRCA","1508","0.9271","13.4808","0.2354","1.4861","0.0000","0.0000","1.0000","14.9668","0.0212","0.1671"
"#hayfever","2321","0.8208","121.5170","0.2895","1.1943","0.0000","0.0000","1.0000","122.7113","0.0177","0.0491"
"#PediatricStroke","181","0.8177","4.5525","0.3702","1.2762","0.0000","0.0000","1.0000","5.8287","0.0331","0.1878"
"#SleepApnea","962","0.8191","10.5884","0.3285","1.2256","0.0000","0.0000","1.0000","11.8139","0.0073","0.0541"
"#Tinnitus","1016","0.8445","10.9980","0.3248","1.2126","0.0000","0.0000","1.0000","12.2106","0.0138","0.0955"
"unknown-#hncsm","255","0.9686","6.4863","0.2078","1.1176","0.0000","0.0000","1.0000","7.6039","0.0078","0.1137"
"#A2ZCOPD","3549","0.9583","9.0034","0.2023","0.8633","0.0000","0.0000","1.0000","9.8667","0.0104","0.1372"
"#Osteosarcoma","111","0.7658","11.3243","0.3604","1.3423","0.0000","0.0000","1.0000","12.6667","0.0090","0.2883"
"#CervicalCancer","4683","0.9387","43.5981","0.1772","1.4674","0.0000","0.0000","1.0000","45.0656","0.0179","0.2432"
"#Angina","59","0.8305","4.2203","0.3559","1.9322","0.0000","0.0000","1.0000","6.1525","0.0169","0.1525"
"#Spondylitis","281","0.8826","6.4377","0.2883","1.4591","0.0000","0.0000","1.0000","7.8968","0.0107","0.1139"
"#AcuteCoronarySyndrome","19","1.0000","5.5789","0.2105","1.9474","0.0000","0.0000","1.0000","7.5263","0.0000","0.1579"
"#sjogrens","176","0.8920","5.9034","0.2443","1.2841","0.0000","0.0000","1.0000","7.1875","0.0511","0.0398"
"#HighCholesterol","132","0.8712","29.7197","0.2197","1.0606","0.0000","0.0000","1.0000","30.7803","0.0227","0.0758"
"#CHD","1645","0.8644","16.5775","0.2942","2.1380","0.0000","0.0000","1.0000","18.7155","0.0195","0.1830"
"#Restenosis","0","0","0","0","0","0","0","0","0",,
"#Scoliosis","856","0.8586","28.6086","0.2629","1.6075","0.0000","0.0000","1.0000","30.2161","0.0187","0.2348"
"unknown-#esocsm","25","0.9200","3.9200","0.2000","0.8800","0.0000","0.0000","1.0000","4.8000","0.0000","0.1600"
"#CHF","518","0.8089","6.8803","0.3707","1.3610","0.0000","0.0000","1.0000","8.2413","0.0251","0.0695"
"#Fibroid","968","0.8791","7.8171","0.2831","1.1725","0.0000","0.0000","1.0000","8.9897","0.0227","0.1074"
"#LynchSyndrome","325","0.8585","10.8585","0.2954","5.6800","0.0000","0.0000","1.0000","16.5385","0.0123","0.1292"
"#LQTS","54","0.9259","17.3889","0.1667","1.9074","0.0000","0.0000","1.0000","19.2963","0.0000","0.0741"
"#Meningitis","1148","0.9495","15.7953","0.1934","1.1429","0.0000","0.0000","1.0000","16.9382","0.0157","0.1594"
"#Diabesity","36852","0.8814","33.5034","0.2601","1.5480","0.0000","0.0000","1.0000","35.0514","0.0121","0.1400"
"#Moyamoya","170","0.8765","77.6941","0.1882","1.0235","0.0000","0.0000","1.0000","78.7176","0.0059","0.2412"
"#Bulimia","689","0.8418","6.5689","0.3353","1.6938","0.0000","0.0000","1.0000","8.2627","0.0073","0.1234"
"unknown-#GPFAD2013","0","0","0","0","0","0","0","0","0",,
"#myocarditis","50","0.9800","18.0600","0.1200","0.8200","0.0000","0.0000","1.0000","18.8800","0.0000","0.2000"
"#Hypothyroidism","547","0.8318","6.0841","0.3364","1.7002","0.0000","0.0000","1.0000","7.7843","0.0037","0.0475"
"#Alzheimer","24796","0.8947","50.3308","0.2343","1.9787","0.0000","0.0000","1.0000","52.3095","0.0165","0.1168"
"#Cholesteatoma","12","0.6667","0.6667","0.6667","1.6667","0.0000","0.0000","1.0000","2.3333","0.0000","0.0833"
"#Lipoedema","127","0.7638","2.7323","0.4331","1.3543","0.0000","0.0000","1.0000","4.0866","0.0630","0.2598"
"#AorticDissection","42","0.9048","3.5238","0.2619","2.8333","0.0000","0.0000","1.0000","6.3571","0.0476","0.3095"
"#Listeriosis","2101","0.9676","2091.4488","0.0814","0.3950","0.0000","0.0000","1.0000","2091.8439","0.0067","0.0876"
"#ThyroidCancer","345","0.8841","7.9391","0.2899","1.5217","0.0000","0.0000","1.0000","9.4609","0.0145","0.1391"
"#MuscularDystrophy","679","0.9072","5.1605","0.2725","1.4993","0.0000","0.0000","1.0000","6.6598","0.0059","0.1340"
"#Polio","2529","0.9597","35.8814","0.1420","1.4409","0.0000","0.0000","1.0000","37.3223","0.0095","0.1040"
"#Mastocytosis","18","0.7222","2.6667","0.4444","1.6111","0.0000","0.0000","1.0000","4.2778","0.0556","0.0000"
"#HemiplegicMigraine","27","0.8148","2.8889","0.4815","1.4815","0.0000","0.0000","1.0000","4.3704","0.0370","0.1481"
"#impotence","292","0.8973","348.5788","0.1541","0.3596","0.0000","0.0000","1.0000","348.9384","0.0171","0.0171"
"#EmanuelSyndrome","0","0","0","0","0","0","0","0","0",,
"unknown-#PNDChat","1535","0.8886","18.0039","0.2586","1.1010","0.0000","0.0000","1.0000","19.1049","0.0137","0.1668"
"#curesma","38","0.8684","2.5000","0.3421","2.0263","0.0000","0.0000","1.0000","4.5263","0.0000","0.0526"
"#Migraine","6051","0.8724","13.8285","0.2904","1.2096","0.0000","0.0000","1.0000","15.0380","0.0149","0.1211"
"#aHUS","93","0.8495","3.3548","0.3226","0.7634","0.0000","0.0000","1.0000","4.1183","0.0108","0.0968"
"#RettSyndrome","160","0.8750","5.0500","0.3125","1.6750","0.0000","0.0000","1.0000","6.7250","0.0063","0.1250"
"#BirdFlu","140","0.9000","9.7429","0.2500","2.4286","0.0000","0.0000","1.0000","12.1714","0.0214","0.0429"
"#analcancer","38","0.9211","4.6053","0.2105","1.2368","0.0000","0.0000","1.0000","5.8421","0.0263","0.2105"
"#Psoriasis","2083","0.8305","12.5833","0.3548","1.3639","0.0000","0.0000","1.0000","13.9472","0.0091","0.0494"
"#Gallbladder","74","0.6622","2.3243","0.4730","0.9595","0.0000","0.0000","1.0000","3.2838","0.0270","0.1081"
"unknown-#mpnsm","241","0.9336","3.6556","0.3361","1.3651","0.0000","0.0000","1.0000","5.0207","0.0000","0.1328"
"#Dysautonomia","345","0.6696","7.3072","0.4870","1.5652","0.0000","0.0000","1.0000","8.8725","0.0290","0.1826"
"#RenalFailure","38","0.8421","4.5526","0.3684","1.5000","0.0000","0.0000","1.0000","6.0526","0.0000","0.1053"
"#pseudobulbar","0","0","0","0","0","0","0","0","0",,
"#merkelcellcarcinoma","13","0.9231","3.9231","0.3846","2.0000","0.0000","0.0000","1.0000","5.9231","0.0000","0.0000"
"#Anaphylaxis","1024","0.8877","12.4238","0.2783","1.4521","0.0000","0.0000","1.0000","13.8760","0.0137","0.1543"
"#MultipleEndocrineNeoplasia","0","0","0","0","0","0","0","0","0",,
"#SARS","1899","0.9568","28.9668","0.1338","0.9747","0.0000","0.0000","1.0000","29.9415","0.0332","0.2054"
"#hypertrophiccardiomyopathy","19","0.8947","1.7368","0.3684","1.3158","0.0000","0.0000","1.0000","3.0526","0.0000","0.3158"
"#Incontinence","655","0.8168","7.6916","0.3496","1.2901","0.0000","0.0000","1.0000","8.9817","0.0168","0.1298"
"#TennisElbow","75","0.6000","2.4000","0.5333","1.2267","0.0000","0.0000","1.0000","3.6267","0.0000","0.0000"
"#AllergicRhinitis","36","0.9722","4.8333","0.2500","1.1944","0.0000","0.0000","1.0000","6.0278","0.0000","0.0000"
"#Menieres","28","0.5357","3.2500","0.5357","1.2857","0.0000","0.0000","1.0000","4.5357","0.1786","0.0000"
"#Progeria","184","0.9293","9.7609","0.2283","2.2826","0.0000","0.0000","1.0000","12.0435","0.0163","0.2989"
"#PCOS","2714","0.8150","8.6629","0.3589","1.6923","0.0000","0.0000","1.0000","10.3552","0.0195","0.1437"
"#Halitosis","55","0.8545","4.9273","0.3636","1.4000","0.0000","0.0000","1.0000","6.3273","0.0364","0.2545"
"#Trichotillomania","142","0.6620","1.8944","0.5563","1.3803","0.0000","0.0000","1.0000","3.2746","0.0211","0.1268"
"#Osteoporosis","2234","0.9024","16.8397","0.2234","0.9821","0.0000","0.0000","1.0000","17.8218","0.0076","0.1056"
"#irondeficiency","153","0.9020","3.6275","0.2876","0.8366","0.0000","0.0000","1.0000","4.4641","0.0000","0.0327"
"#MyalgicE","16240","0.9438","29.6769","0.1675","1.9736","0.0000","0.0000","1.0000","31.6505","0.0365","0.2535"
"#PainSomnia","285","0.8140","15.3860","0.3193","2.4737","0.0000","0.0000","1.0000","17.8596","0.0211","0.1649"
"#BloodCancer","1008","0.9187","19.0754","0.2401","1.6498","0.0000","0.0000","1.0000","20.7252","0.0119","0.2163"
"#Ebola","21605","0.9611","153.3423","0.1133","1.1914","0.0000","0.0000","1.0000","154.5337","0.0103","0.2199"
"#EyeCancer","160","0.9313","4.5063","0.2250","0.9750","0.0000","0.0000","1.0000","5.4813","0.0063","0.1875"
"#EatingDisorder","4889","0.8758","98.9530","0.2870","1.6144","0.0000","0.0000","1.0000","100.5674","0.0141","0.1759"
"#meningococcal","119","0.8908","18.9412","0.2689","1.4706","0.0000","0.0000","1.0000","20.4118","0.0000","0.0672"
"#KawasakiDisease","28","0.8214","2.5357","0.4286","1.3214","0.0000","0.0000","1.0000","3.8571","0.0357","0.1071"
"#hydrocephalus","211","0.8246","2.9621","0.4313","1.6493","0.0000","0.0000","1.0000","4.6114","0.0332","0.0948"
"#DownSyndrome","4491","0.9034","78.9929","0.2229","2.1211","0.0000","0.0000","1.0000","81.1140","0.0082","0.1434"
"#enuresis","22","0.8182","4.4545","0.4091","1.0455","0.0000","0.0000","1.0000","5.5000","0.0000","0.1364"
"#brucellosis","14","0.9286","2.2143","0.4286","1.2857","0.0000","0.0000","1.0000","3.5000","0.0000","0.2143"
"#Myositis","293","0.9249","6.6109","0.2662","1.1638","0.0000","0.0000","1.0000","7.7747","0.0068","0.1604"
"#Triglycerides","55","0.8364","7.6364","0.3091","0.7636","0.0000","0.0000","1.0000","8.4000","0.0545","0.0364"
"#ringworm","41","0.8049","10.5854","0.2195","0.8293","0.0000","0.0000","1.0000","11.4146","0.0000","0.0732"
"#neurofibromatosis","605","0.9074","6.5339","0.2959","1.5372","0.0000","0.0000","1.0000","8.0711","0.0165","0.1636"
"#CFLN","7637","0.9294","19.5682","0.2065","1.6548","0.0000","0.0000","1.0000","21.2230","0.0151","0.2667"
"#hypospadias","17","0.8235","2.5882","0.2353","0.9412","0.0000","0.0000","1.0000","3.5294","0.0000","0.1176"
"#Leukaemia","3947","0.9324","20.8551","0.2131","1.2184","0.0000","0.0000","1.0000","22.0735","0.0068","0.1206"
"unknown-#stcsm","111","0.9189","6.7568","0.2973","1.6396","0.0000","0.0000","1.0000","8.3964","0.0090","0.1261"
"#BloodClot","209","0.9522","23.4689","0.1722","0.8038","0.0000","0.0000","1.0000","24.2727","0.0096","0.1005"
"#MultScler","4830","0.8429","13.7911","0.3408","2.1004","0.0000","0.0000","1.0000","15.8915","0.0116","0.1298"
"#BMFSM","5","1.0000","3.4000","0.4000","1.6000","0.0000","0.0000","1.0000","5.0000","0.0000","0.0000"
"#TransverseMyelitis","34","0.9118","3.7647","0.3235","2.1765","0.0000","0.0000","1.0000","5.9412","0.0882","0.3529"
"#BrainAneurysm","103","0.8738","4.4175","0.3495","2.4563","0.0000","0.0000","1.0000","6.8738","0.0000","0.2330"
"#Dermatomyositis","82","0.8049","3.5610","0.4268","1.5244","0.0000","0.0000","1.0000","5.0854","0.0366","0.1585"
"#Haemophilia","965","0.8902","7.1503","0.3140","1.5337","0.0000","0.0000","1.0000","8.6839","0.0155","0.1689"
"#Angiosarcoma","36","0.8889","2.7778","0.2500","3.0833","0.0000","0.0000","1.0000","5.8611","0.0556","0.0833"
"#uterinecancer","54","0.7222","3.0556","0.4259","2.2222","0.0000","0.0000","1.0000","5.2778","0.0370","0.2037"
"#NCDs","5315","0.9560","23.5496","0.1691","1.2160","0.0000","0.0000","1.0000","24.7656","0.0100","0.2024"
"#HighBloodPressure","4980","0.9116","18.7894","0.2311","1.0944","0.0000","0.0000","1.0000","19.8837","0.0167","0.0827"
"#Diverticulitis","93","0.9032","15.8172","0.2151","0.8710","0.0000","0.0000","1.0000","16.6882","0.0215","0.1935"
"#Hantavirus","69","0.9420","25.5942","0.2319","1.4203","0.0000","0.0000","1.0000","27.0145","0.0000","0.1014"
"#Carcinoma","127","0.8346","6.8976","0.3150","1.0079","0.0000","0.0000","1.0000","7.9055","0.0079","0.1417"
"#DeviatedSeptum","6","0.3333","2.0000","0.6667","1.5000","0.0000","0.0000","1.0000","3.5000","0.1667","0.0000"
"#PulmonaryHypertension","591","0.8968","6.0102","0.2995","1.5008","0.0000","0.0000","1.0000","7.5110","0.0102","0.0964"
"#osteonecrosis","23","0.9565","21.7391","0.1304","2.3913","0.0000","0.0000","1.0000","24.1304","0.0000","0.0000"
"#Eclampsia","4","0.5000","1.0000","0.7500","2.7500","0.0000","0.0000","1.0000","3.7500","0.0000","0.0000"
"#prostatitis","66","0.8030","4.6061","0.3636","0.9697","0.0000","0.0000","1.0000","5.5758","0.0152","0.0606"
"#Neuroblastoma","1644","0.9726","28.5955","0.1758","2.0712","0.0000","0.0000","1.0000","30.6667","0.0103","0.1959"
"#Raynauds","162","0.8395","2.7160","0.4074","1.8765","0.0000","0.0000","1.0000","4.5926","0.0556","0.0494"
"#CarpalTunnelSyndrome","79","0.7089","2.6203","0.4684","1.4304","0.0000","0.0000","1.0000","4.0506","0.0127","0.1899"
"#PTSD","27564","0.9133","248.6486","0.2025","1.3753","0.0000","0.0000","1.0000","250.0238","0.0214","0.1327"
"#ARDS45","0","0","0","0","0","0","0","0","0",,
"#Encephalitis","370","0.9135","15.4081","0.2703","2.0135","0.0000","0.0000","1.0000","17.4216","0.0000","0.1649"
"#erectiledysfunction","1206","0.8756","227.3466","0.1949","0.5547","0.0000","0.0000","1.0000","227.9013","0.0066","0.0846"
"#PMDD","1155","0.8597","4.8355","0.3247","1.4918","0.0000","0.0000","1.0000","6.3273","0.0693","0.2329"
"#Vasculitis","372","0.9059","9.0565","0.2581","1.2285","0.0000","0.0000","1.0000","10.2849","0.0323","0.1022"
"#HendraVirus","0","0","0","0","0","0","0","0","0",,
"#RectalCancer","449","0.9777","15.1002","0.1336","1.2873","0.0000","0.0000","1.0000","16.3875","0.0022","0.1804"
"unknown-#BTSM","4190","0.8764","9.4002","0.2819","1.6296","0.0000","0.0000","1.0000","11.0298","0.0401","0.1764"
"#Herpes","313","0.7188","11.8019","0.4153","1.0639","0.0000","0.0000","1.0000","12.8658","0.0671","0.1086"
"#fragileX","353","0.8895","30.5751","0.2578","2.1983","0.0000","0.0000","1.0000","32.7734","0.0510","0.3938"
"#BrainCancer","1780","0.9191","56.2253","0.2112","1.2326","0.0000","0.0000","1.0000","57.4579","0.0107","0.1719"
"#Nocturia","93","0.9355","4.1720","0.2366","0.8817","0.0000","0.0000","1.0000","5.0538","0.0000","0.0000"
"#BattenDisease","84","0.9167","21.5714","0.2976","2.3452","0.0000","0.0000","1.0000","23.9167","0.0238","0.2381"
"#Aspergers","2759","0.8746","308.6905","0.2856","2.3447","0.0000","0.0000","1.0000","311.0352","0.0181","0.1812"
"#Bronchitis","166","0.8253","6.6928","0.3253","2.0663","0.0000","0.0000","1.0000","8.7590","0.0060","0.0120"
"#OCD","4857","0.6881","17.4690","0.4412","2.1083","0.0000","0.0000","1.0000","19.5773","0.0525","0.0972"
"#headandneckcancer","251","0.9203","4.0996","0.3108","1.2869","0.0000","0.0000","1.0000","5.3865","0.0040","0.1315"
"#Infertility","4406","0.7848","6.0302","0.3940","1.5897","0.0000","0.0000","1.0000","7.6198","0.0118","0.1223"
"#Chikungunya","715","0.9552","84.6685","0.1231","2.7021","0.0000","0.0000","1.0000","87.3706","0.0056","0.2881"
